User_ID,Accuracy,Sample_Count
2,0.5804597701149425,348
0,0.6598837209302325,344
