Feature,Orig_Mean,Orig_Std,Log_Mean,Log_Std
ch00_rms,10.023736623139175,9.596705215735724,1.2610036812735285e-17,1.000004621659407
ch01_rms,9.906073003912628,9.36382239654887,5.506382741561075e-16,1.000004621659407
ch02_rms,9.924751286678617,9.362737347191482,-1.1979534972098522e-16,1.000004621659407
ch03_rms,11.014258302226965,14.150577074088979,-3.7830110438205856e-17,1.000004621659407
ch04_rms,12.80751397414466,16.715759912661284,2.522007362547057e-17,1.000004621659407
