True_Gesture,Predicted_Gesture,Confusion_Rate,Raw_Count,Symmetry_Rate
index_release,middle_release,0.12986043305956005,2261,0.1277860326894502
middle_release,index_release,0.1277860326894502,2236,0.12986043305956005
thumb_out,thumb_up,0.11042106570612346,889,0.11011011011011011
thumb_click,thumb_in,0.11016433353621424,724,0.08209331651954603
thumb_up,thumb_out,0.11011011011011011,880,0.11042106570612346
middle_release,middle_press,0.1001257286547034,1752,0.09268237038726972
