mean,median,std,n_users_with_score
0.007815739384113583,0.007246848672340017,0.002844372790045958,100
0.008049594533409149,0.007368496325594384,0.0032364339634207255,100
0.01023614283945523,0.008854233362776852,0.00579087542322027,100
0.01372496313904516,0.012061495910695353,0.006517919436065288,100
0.016798314120693054,0.016100138036845242,0.007059535589110105,100
